{"cameraMode":{"drawMode":0,"name":"Shaded","section":"Shading Mode"},"sceneLighting":true,"audioPlay":false,"sceneViewState":{"m_AlwaysRefresh":false,"showFog":true,"showSkybox":true,"showFlares":true,"showImageEffects":true,"showParticleSystems":true,"showVisualEffectGraphs":true,"m_FxEnabled":true},"in2DMode":false,"pivot":{"x":1444.5645751953125,"y":549.6549072265625,"z":-22.58544921875},"rotation":{"x":0.052986420691013339,"y":0.013512144796550274,"z":-0.0006463548634201288,"w":0.9988036155700684},"size":1243.427978515625,"orthographic":true}